,ADULT,COVTYPE,LETTER
Logistic,0.8513999999999999,0.7726000000000001,0.7195333333333332
KNN,1.0,1.0,1.0
RandomForest,0.9998,1.0,1.0
